Año;Mes;Centro;Visitantes;fecha
2020;Enero;CENTRO CULTURAL MIGUEL DELIBES (programación propia);7708;2020-01
2020;Enero;PALACIO DE QUINTANAR;1783;2020-01
2020;Enero;CENTRO DE ACCESO A LOS YACIMIENTOS DE ATAPUERCA;2115;2020-01
2020;Enero;CENTRO DE ARQUEOLOGIA EXPERIMENTAL;1746;2020-01
2020;Enero;MUSEO DE ARTE CONTEMPORÁNEO DE CASTILLA Y LEÓN (MUSAC);3694;2020-01
2020;Enero;MUSEO DE LA SIDERURGIA Y LA MINERÍA DE CASTILLA Y LEÓN (MSM);1472;2020-01
2020;Enero;MUSEO DE LA EVOLUCIÓN HUMANA (MEH);16618;2020-01
2020;Enero;MUSEO ETNOGRÁFICO DE CASTILLA Y LEÓN (MECYL);6605;2020-01
2020;Febrero;MUSEO ETNOGRÁFICO DE CASTILLA Y LEÓN (MECYL);5075;2020-02
2020;Febrero;PALACIO DE QUINTANAR;2021;2020-02
2020;Febrero;CENTRO CULTURAL MIGUEL DELIBES (programación propia);8465;2020-02
2020;Febrero;MUSEO DE LA EVOLUCIÓN HUMANA (MEH);31038;2020-02
2020;Febrero;CENTRO DE ACCESO A LOS YACIMIENTOS DE ATAPUERCA;3676;2020-02
2020;Febrero;MUSEO DE ARTE CONTEMPORÁNEO DE CASTILLA Y LEÓN (MUSAC);4928;2020-02
2020;Febrero;CENTRO DE ARQUEOLOGIA EXPERIMENTAL;3252;2020-02
2020;Febrero;MUSEO DE LA SIDERURGIA Y LA MINERÍA DE CASTILLA Y LEÓN (MSM);2185;2020-02
2020;Marzo;CENTRO DE ACCESO A LOS YACIMIENTOS DE ATAPUERCA;3100;2020-03
2020;Marzo;CENTRO DE ARQUEOLOGIA EXPERIMENTAL;3305;2020-03
2020;Marzo;MUSEO DE ARTE CONTEMPORÁNEO DE CASTILLA Y LEÓN (MUSAC);2142;2020-03
2020;Marzo;MUSEO DE LA SIDERURGIA Y LA MINERÍA DE CASTILLA Y LEÓN (MSM);593;2020-03
2020;Marzo;PALACIO DE QUINTANAR;1055;2020-03
2020;Marzo;CENTRO CULTURAL MIGUEL DELIBES (programación propia);6884;2020-03
2020;Marzo;MUSEO DE LA EVOLUCIÓN HUMANA (MEH);12875;2020-03
2020;Marzo;MUSEO ETNOGRÁFICO DE CASTILLA Y LEÓN (MECYL);2472;2020-03
2020;Abril;CENTRO CULTURAL MIGUEL DELIBES (programación propia);0;2020-04
2020;Abril;MUSEO ETNOGRÁFICO DE CASTILLA Y LEÓN (MECYL);0;2020-04
2020;Abril;PALACIO DE QUINTANAR;0;2020-04
2020;Abril;MUSEO DE LA EVOLUCIÓN HUMANA (MEH);0;2020-04
2020;Abril;CENTRO DE ACCESO A LOS YACIMIENTOS DE ATAPUERCA;0;2020-04
2020;Abril;MUSEO DE ARTE CONTEMPORÁNEO DE CASTILLA Y LEÓN (MUSAC);0;2020-04
2020;Abril;MUSEO DE LA SIDERURGIA Y LA MINERÍA DE CASTILLA Y LEÓN (MSM);0;2020-04
2020;Abril;CENTRO DE ARQUEOLOGIA EXPERIMENTAL;0;2020-04
2020;Mayo;MUSEO ETNOGRÁFICO DE CASTILLA Y LEÓN (MECYL);146;2020-05
2020;Mayo;MUSEO DE LA SIDERURGIA Y LA MINERÍA DE CASTILLA Y LEÓN (MSM);80;2020-05
2020;Mayo;CENTRO CULTURAL MIGUEL DELIBES (programación propia);0;2020-05
2020;Mayo;MUSEO DE LA EVOLUCIÓN HUMANA (MEH);353;2020-05
2020;Mayo;MUSEO DE ARTE CONTEMPORÁNEO DE CASTILLA Y LEÓN (MUSAC);73;2020-05
2020;Mayo;PALACIO DE QUINTANAR;0;2020-05
2020;Mayo;CENTRO DE ACCESO A LOS YACIMIENTOS DE ATAPUERCA;0;2020-05
2020;Mayo;CENTRO DE ARQUEOLOGIA EXPERIMENTAL;0;2020-05
2020;Junio;CENTRO CULTURAL MIGUEL DELIBES (programación propia);0;2020-06
2020;Junio;MUSEO DE ARTE CONTEMPORÁNEO DE CASTILLA Y LEÓN (MUSAC);382;2020-06
2020;Junio;MUSEO ETNOGRÁFICO DE CASTILLA Y LEÓN (MECYL);370;2020-06
2020;Junio;MUSEO DE LA SIDERURGIA Y LA MINERÍA DE CASTILLA Y LEÓN (MSM);541;2020-06
2020;Junio;PALACIO DE QUINTANAR;280;2020-06
2020;Junio;MUSEO DE LA EVOLUCIÓN HUMANA (MEH);3503;2020-06
2020;Junio;CENTRO DE ACCESO A LOS YACIMIENTOS DE ATAPUERCA;0;2020-06
2020;Junio;CENTRO DE ARQUEOLOGIA EXPERIMENTAL;0;2020-06
2020;Julio;MUSEO DE LA EVOLUCIÓN HUMANA (MEH);20297;2020-07
2020;Julio;CENTRO DE ARQUEOLOGIA EXPERIMENTAL;0;2020-07
2020;Julio;CENTRO DE ACCESO A LOS YACIMIENTOS DE ATAPUERCA;0;2020-07
2020;Julio;MUSEO DE ARTE CONTEMPORÁNEO DE CASTILLA Y LEÓN (MUSAC);1183;2020-07
2020;Julio;MUSEO ETNOGRÁFICO DE CASTILLA Y LEÓN (MECYL);975;2020-07
2020;Julio;PALACIO DE QUINTANAR;426;2020-07
2020;Julio;CENTRO CULTURAL MIGUEL DELIBES (programación propia);0;2020-07
2020;Julio;MUSEO DE LA SIDERURGIA Y LA MINERÍA DE CASTILLA Y LEÓN (MSM);2743;2020-07
2020;Agosto;MUSEO DE LA SIDERURGIA Y LA MINERÍA DE CASTILLA Y LEÓN (MSM);5500;2020-08
2020;Agosto;PALACIO DE QUINTANAR;419;2020-08
2020;Agosto;CENTRO CULTURAL MIGUEL DELIBES (programación propia);0;2020-08
2020;Agosto;CENTRO DE ARQUEOLOGIA EXPERIMENTAL;8825;2020-08
2020;Agosto;MUSEO DE LA EVOLUCIÓN HUMANA (MEH);34011;2020-08
2020;Agosto;CENTRO DE ACCESO A LOS YACIMIENTOS DE ATAPUERCA;5734;2020-08
2020;Agosto;MUSEO DE ARTE CONTEMPORÁNEO DE CASTILLA Y LEÓN (MUSAC);2292;2020-08
2020;Agosto;MUSEO ETNOGRÁFICO DE CASTILLA Y LEÓN (MECYL);1788;2020-08
2020;Septiembre;CENTRO DE ARQUEOLOGIA EXPERIMENTAL;2097;2020-09
2020;Septiembre;CENTRO CULTURAL MIGUEL DELIBES (programación propia);1527;2020-09
2020;Septiembre;MUSEO DE LA EVOLUCIÓN HUMANA (MEH);13840;2020-09
2020;Septiembre;CENTRO DE ACCESO A LOS YACIMIENTOS DE ATAPUERCA;1648;2020-09
2020;Septiembre;MUSEO DE ARTE CONTEMPORÁNEO DE CASTILLA Y LEÓN (MUSAC);1124;2020-09
2020;Septiembre;MUSEO ETNOGRÁFICO DE CASTILLA Y LEÓN (MECYL);1782;2020-09
2020;Septiembre;PALACIO DE QUINTANAR;776;2020-09
2020;Septiembre;MUSEO DE LA SIDERURGIA Y LA MINERÍA DE CASTILLA Y LEÓN (MSM);2488;2020-09
2020;Octubre;CENTRO CULTURAL MIGUEL DELIBES (programación propia);1484;2020-10
2020;Octubre;CENTRO DE ARQUEOLOGIA EXPERIMENTAL;2224;2020-10
2020;Octubre;MUSEO DE ARTE CONTEMPORÁNEO DE CASTILLA Y LEÓN (MUSAC);1169;2020-10
2020;Octubre;PALACIO DE QUINTANAR;606;2020-10
2020;Octubre;MUSEO ETNOGRÁFICO DE CASTILLA Y LEÓN (MECYL);1001;2020-10
2020;Octubre;MUSEO DE LA SIDERURGIA Y LA MINERÍA DE CASTILLA Y LEÓN (MSM);1636;2020-10
2020;Octubre;MUSEO DE LA EVOLUCIÓN HUMANA (MEH);15379;2020-10
2020;Octubre;CENTRO DE ACCESO A LOS YACIMIENTOS DE ATAPUERCA;726;2020-10
2020;Noviembre;MUSEO DE LA EVOLUCIÓN HUMANA (MEH);2953;2020-11
2020;Noviembre;MUSEO DE ARTE CONTEMPORÁNEO DE CASTILLA Y LEÓN (MUSAC);1388;2020-11
2020;Noviembre;MUSEO ETNOGRÁFICO DE CASTILLA Y LEÓN (MECYL);1747;2020-11
2020;Noviembre;PALACIO DE QUINTANAR;726;2020-11
2020;Noviembre;CENTRO CULTURAL MIGUEL DELIBES (programación propia);2387;2020-11
2020;Noviembre;CENTRO DE ACCESO A LOS YACIMIENTOS DE ATAPUERCA;181;2020-11
2020;Noviembre;CENTRO DE ARQUEOLOGIA EXPERIMENTAL;626;2020-11
2020;Noviembre;MUSEO DE LA SIDERURGIA Y LA MINERÍA DE CASTILLA Y LEÓN (MSM);2176;2020-11
2020;Diciembre;MUSEO DE ARTE CONTEMPORÁNEO DE CASTILLA Y LEÓN (MUSAC);706;2020-12
2020;Diciembre;MUSEO ETNOGRÁFICO DE CASTILLA Y LEÓN (MECYL);1480;2020-12
2020;Diciembre;PALACIO DE QUINTANAR;1138;2020-12
2020;Diciembre;MUSEO DE LA EVOLUCIÓN HUMANA (MEH);3819;2020-12
2020;Diciembre;CENTRO DE ARQUEOLOGIA EXPERIMENTAL;202;2020-12
2020;Diciembre;MUSEO DE LA SIDERURGIA Y LA MINERÍA DE CASTILLA Y LEÓN (MSM);6189;2020-12
2020;Diciembre;CENTRO CULTURAL MIGUEL DELIBES (programación propia);2973;2020-12
2020;Diciembre;CENTRO DE ACCESO A LOS YACIMIENTOS DE ATAPUERCA;77;2020-12
2021;Enero;CENTRO CULTURAL MIGUEL DELIBES (programación propia);1004;2021-01
2021;Enero;CENTRO DE ARQUEOLOGIA EXPERIMENTAL;24;2021-01
2021;Enero;MUSEO DE ARTE CONTEMPORÁNEO DE CASTILLA Y LEÓN (MUSAC);437;2021-01
2021;Enero;MUSEO ETNOGRÁFICO DE CASTILLA Y LEÓN (MECYL);916;2021-01
2021;Enero;MUSEO DE LA SIDERURGIA Y LA MINERÍA DE CASTILLA Y LEÓN (MSM);1157;2021-01
2021;Enero;PALACIO DE QUINTANAR;562;2021-01
2021;Enero;MUSEO DE LA EVOLUCIÓN HUMANA (MEH);1813;2021-01
2021;Enero;CENTRO DE ACCESO A LOS YACIMIENTOS DE ATAPUERCA;12;2021-01
2021;Febrero;CENTRO CULTURAL MIGUEL DELIBES (programación propia);0;2021-02
2021;Febrero;MUSEO ETNOGRÁFICO DE CASTILLA Y LEÓN (MECYL);0;2021-02
2021;Febrero;CENTRO DE ACCESO A LOS YACIMIENTOS DE ATAPUERCA;0;2021-02
2021;Febrero;MUSEO DE LA EVOLUCIÓN HUMANA (MEH);0;2021-02
2021;Febrero;CENTRO DE ARQUEOLOGIA EXPERIMENTAL;0;2021-02
2021;Febrero;MUSEO DE ARTE CONTEMPORÁNEO DE CASTILLA Y LEÓN (MUSAC);0;2021-02
2021;Febrero;MUSEO DE LA SIDERURGIA Y LA MINERÍA DE CASTILLA Y LEÓN (MSM);535;2021-02
2021;Febrero;PALACIO DE QUINTANAR;0;2021-02
2021;Marzo;CENTRO CULTURAL MIGUEL DELIBES (programación propia);2790;2021-03
2021;Marzo;CENTRO DE ACCESO A LOS YACIMIENTOS DE ATAPUERCA;254;2021-03
2021;Marzo;MUSEO DE ARTE CONTEMPORÁNEO DE CASTILLA Y LEÓN (MUSAC);1222;2021-03
2021;Marzo;MUSEO DE LA EVOLUCIÓN HUMANA (MEH);7643;2021-03
2021;Marzo;CENTRO DE ARQUEOLOGIA EXPERIMENTAL;340;2021-03
2021;Marzo;MUSEO ETNOGRÁFICO DE CASTILLA Y LEÓN (MECYL);1521;2021-03
2021;Marzo;MUSEO DE LA SIDERURGIA Y LA MINERÍA DE CASTILLA Y LEÓN (MSM);1818;2021-03
2021;Marzo;PALACIO DE QUINTANAR;348;2021-03
2021;Abril;MUSEO DE ARTE CONTEMPORÁNEO DE CASTILLA Y LEÓN (MUSAC);2548;2021-04
2021;Abril;PALACIO DE QUINTANAR;313;2021-04
2021;Abril;CENTRO DE ACCESO A LOS YACIMIENTOS DE ATAPUERCA;524;2021-04
2021;Abril;CENTRO DE ARQUEOLOGIA EXPERIMENTAL;1023;2021-04
2021;Abril;MUSEO ETNOGRÁFICO DE CASTILLA Y LEÓN (MECYL);1360;2021-04
2021;Abril;MUSEO DE LA SIDERURGIA Y LA MINERÍA DE CASTILLA Y LEÓN (MSM);3478;2021-04
2021;Abril;CENTRO CULTURAL MIGUEL DELIBES (programación propia);2621;2021-04
2021;Abril;MUSEO DE LA EVOLUCIÓN HUMANA (MEH);9899;2021-04
2021;Mayo;CENTRO CULTURAL MIGUEL DELIBES (programación propia);3104;2021-05
2021;Mayo;MUSEO ETNOGRÁFICO DE CASTILLA Y LEÓN (MECYL);1903;2021-05
2021;Mayo;MUSEO DE LA EVOLUCIÓN HUMANA (MEH);12867;2021-05
2021;Mayo;MUSEO DE ARTE CONTEMPORÁNEO DE CASTILLA Y LEÓN (MUSAC);2461;2021-05
2021;Mayo;CENTRO DE ACCESO A LOS YACIMIENTOS DE ATAPUERCA;569;2021-05
2021;Mayo;CENTRO DE ARQUEOLOGIA EXPERIMENTAL;1295;2021-05
2021;Mayo;MUSEO DE LA SIDERURGIA Y LA MINERÍA DE CASTILLA Y LEÓN (MSM);2213;2021-05
2021;Mayo;PALACIO DE QUINTANAR;757;2021-05
2021;Junio;MUSEO DE LA EVOLUCIÓN HUMANA (MEH);15111;2021-06
2021;Junio;CENTRO DE ARQUEOLOGIA EXPERIMENTAL;3158;2021-06
2021;Junio;CENTRO CULTURAL MIGUEL DELIBES (programación propia);4653;2021-06
2021;Junio;CENTRO DE ACCESO A LOS YACIMIENTOS DE ATAPUERCA;1286;2021-06
2021;Junio;MUSEO DE ARTE CONTEMPORÁNEO DE CASTILLA Y LEÓN (MUSAC);1604;2021-06
2021;Junio;MUSEO DE LA SIDERURGIA Y LA MINERÍA DE CASTILLA Y LEÓN (MSM);2249;2021-06
2021;Junio;MUSEO ETNOGRÁFICO DE CASTILLA Y LEÓN (MECYL);2379;2021-06
2021;Junio;PALACIO DE QUINTANAR;888;2021-06
2021;Julio;CENTRO CULTURAL MIGUEL DELIBES (programación propia);245;2021-07
2021;Julio;CENTRO DE ARQUEOLOGIA EXPERIMENTAL;7702;2021-07
2021;Julio;MUSEO DE ARTE CONTEMPORÁNEO DE CASTILLA Y LEÓN (MUSAC);2320;2021-07
2021;Julio;MUSEO ETNOGRÁFICO DE CASTILLA Y LEÓN (MECYL);3279;2021-07
2021;Julio;PALACIO DE QUINTANAR;1034;2021-07
2021;Julio;MUSEO DE LA EVOLUCIÓN HUMANA (MEH);29425;2021-07
2021;Julio;CENTRO DE ACCESO A LOS YACIMIENTOS DE ATAPUERCA;3461;2021-07
2021;Julio;MUSEO DE LA SIDERURGIA Y LA MINERÍA DE CASTILLA Y LEÓN (MSM);4321;2021-07
2021;Agosto;CENTRO CULTURAL MIGUEL DELIBES (programación propia);0;2021-08
2021;Agosto;MUSEO ETNOGRÁFICO DE CASTILLA Y LEÓN (MECYL);3823;2021-08
2021;Agosto;MUSEO DE LA EVOLUCIÓN HUMANA (MEH);55825;2021-08
2021;Agosto;CENTRO DE ACCESO A LOS YACIMIENTOS DE ATAPUERCA;17965;2021-08
2021;Agosto;MUSEO DE LA SIDERURGIA Y LA MINERÍA DE CASTILLA Y LEÓN (MSM);7582;2021-08
2021;Agosto;CENTRO DE ARQUEOLOGIA EXPERIMENTAL;21054;2021-08
2021;Agosto;MUSEO DE ARTE CONTEMPORÁNEO DE CASTILLA Y LEÓN (MUSAC);3993;2021-08
2021;Agosto;PALACIO DE QUINTANAR;1283;2021-08
2021;Septiembre;CENTRO DE ACCESO A LOS YACIMIENTOS DE ATAPUERCA;5332;2021-09
2021;Septiembre;CENTRO DE ARQUEOLOGIA EXPERIMENTAL;6997;2021-09
2021;Septiembre;MUSEO DE ARTE CONTEMPORÁNEO DE CASTILLA Y LEÓN (MUSAC);1596;2021-09
2021;Septiembre;MUSEO DE LA SIDERURGIA Y LA MINERÍA DE CASTILLA Y LEÓN (MSM);3188;2021-09
2021;Septiembre;PALACIO DE QUINTANAR;1515;2021-09
2021;Septiembre;CENTRO CULTURAL MIGUEL DELIBES (programación propia);2749;2021-09
2021;Septiembre;MUSEO DE LA EVOLUCIÓN HUMANA (MEH);32098;2021-09
2021;Septiembre;MUSEO ETNOGRÁFICO DE CASTILLA Y LEÓN (MECYL);4354;2021-09
2021;Octubre;CENTRO DE ACCESO A LOS YACIMIENTOS DE ATAPUERCA;9290;2021-10
2021;Octubre;MUSEO DE ARTE CONTEMPORÁNEO DE CASTILLA Y LEÓN (MUSAC);1873;2021-10
2021;Octubre;MUSEO DE LA SIDERURGIA Y LA MINERÍA DE CASTILLA Y LEÓN (MSM);2817;2021-10
2021;Octubre;PALACIO DE QUINTANAR;1587;2021-10
2021;Octubre;CENTRO CULTURAL MIGUEL DELIBES (programación propia);2161;2021-10
2021;Octubre;MUSEO DE LA EVOLUCIÓN HUMANA (MEH);35716;2021-10
2021;Octubre;CENTRO DE ARQUEOLOGIA EXPERIMENTAL;9837;2021-10
2021;Octubre;MUSEO ETNOGRÁFICO DE CASTILLA Y LEÓN (MECYL);3106;2021-10
2021;Noviembre;MUSEO DE LA EVOLUCIÓN HUMANA (MEH);18413;2021-11
2021;Noviembre;CENTRO DE ARQUEOLOGIA EXPERIMENTAL;4328;2021-11
2021;Noviembre;MUSEO ETNOGRÁFICO DE CASTILLA Y LEÓN (MECYL);3034;2021-11
2021;Noviembre;MUSEO DE LA SIDERURGIA Y LA MINERÍA DE CASTILLA Y LEÓN (MSM);1383;2021-11
2021;Noviembre;CENTRO CULTURAL MIGUEL DELIBES (programación propia);6677;2021-11
2021;Noviembre;CENTRO DE ACCESO A LOS YACIMIENTOS DE ATAPUERCA;4158;2021-11
2021;Noviembre;MUSEO DE ARTE CONTEMPORÁNEO DE CASTILLA Y LEÓN (MUSAC);2785;2021-11
2021;Noviembre;PALACIO DE QUINTANAR;1370;2021-11
2021;Diciembre;MUSEO DE LA EVOLUCIÓN HUMANA (MEH);24127;2021-12
2021;Diciembre;PALACIO DE QUINTANAR;1812;2021-12
2021;Diciembre;CENTRO CULTURAL MIGUEL DELIBES (programación propia);6424;2021-12
2021;Diciembre;CENTRO DE ACCESO A LOS YACIMIENTOS DE ATAPUERCA;4164;2021-12
2021;Diciembre;CENTRO DE ARQUEOLOGIA EXPERIMENTAL;4934;2021-12
2021;Diciembre;MUSEO DE LA SIDERURGIA Y LA MINERÍA DE CASTILLA Y LEÓN (MSM);3031;2021-12
2021;Diciembre;MUSEO DE ARTE CONTEMPORÁNEO DE CASTILLA Y LEÓN (MUSAC);3531;2021-12
2021;Diciembre;MUSEO ETNOGRÁFICO DE CASTILLA Y LEÓN (MECYL);4050;2021-12
2022;Enero;CENTRO DE ARQUEOLOGIA EXPERIMENTAL;2342;2022-01
2022;Enero;MUSEO DE ARTE CONTEMPORÁNEO DE CASTILLA Y LEÓN (MUSAC);2825;2022-01
2022;Enero;PALACIO DE QUINTANAR;1211;2022-01
2022;Enero;CENTRO CULTURAL MIGUEL DELIBES (programación propia);4454;2022-01
2022;Enero;CENTRO DE ACCESO A LOS YACIMIENTOS DE ATAPUERCA;1286;2022-01
2022;Enero;MUSEO ETNOGRÁFICO DE CASTILLA Y LEÓN (MECYL);2056;2022-01
2022;Enero;MUSEO DE LA EVOLUCIÓN HUMANA (MEH);11629;2022-01
2022;Enero;MUSEO DE LA SIDERURGIA Y LA MINERÍA DE CASTILLA Y LEÓN (MSM);2167;2022-01
2022;Febrero;MUSEO DE LA EVOLUCIÓN HUMANA (MEH);20101;2022-02
2022;Febrero;MUSEO ETNOGRÁFICO DE CASTILLA Y LEÓN (MECYL);2010;2022-02
2022;Febrero;CENTRO DE ACCESO A LOS YACIMIENTOS DE ATAPUERCA;2363;2022-02
2022;Febrero;PALACIO DE QUINTANAR;1031;2022-02
2022;Febrero;CENTRO CULTURAL MIGUEL DELIBES (programación propia);9447;2022-02
2022;Febrero;CENTRO DE ARQUEOLOGIA EXPERIMENTAL;3569;2022-02
2022;Febrero;MUSEO DE ARTE CONTEMPORÁNEO DE CASTILLA Y LEÓN (MUSAC);4160;2022-02
2022;Febrero;MUSEO DE LA SIDERURGIA Y LA MINERÍA DE CASTILLA Y LEÓN (MSM);2310;2022-02
2022;Marzo;CENTRO DE ACCESO A LOS YACIMIENTOS DE ATAPUERCA;9653;2022-03
2022;Marzo;MUSEO DE ARTE CONTEMPORÁNEO DE CASTILLA Y LEÓN (MUSAC);5490;2022-03
2022;Marzo;MUSEO DE LA SIDERURGIA Y LA MINERÍA DE CASTILLA Y LEÓN (MSM);2536;2022-03
2022;Marzo;MUSEO DE LA EVOLUCIÓN HUMANA (MEH);25898;2022-03
2022;Marzo;MUSEO ETNOGRÁFICO DE CASTILLA Y LEÓN (MECYL);2981;2022-03
2022;Marzo;PALACIO DE QUINTANAR;1519;2022-03
2022;Marzo;CENTRO CULTURAL MIGUEL DELIBES (programación propia);5407;2022-03
2022;Marzo;CENTRO DE ARQUEOLOGIA EXPERIMENTAL;8843;2022-03
2022;Abril;MUSEO DE LA EVOLUCIÓN HUMANA (MEH);38099;2022-04
2022;Abril;CENTRO DE ACCESO A LOS YACIMIENTOS DE ATAPUERCA;17451;2022-04
2022;Abril;CENTRO DE ARQUEOLOGIA EXPERIMENTAL;18914;2022-04
2022;Abril;MUSEO DE LA SIDERURGIA Y LA MINERÍA DE CASTILLA Y LEÓN (MSM);3290;2022-04
2022;Abril;CENTRO CULTURAL MIGUEL DELIBES (programación propia);8903;2022-04
2022;Abril;MUSEO ETNOGRÁFICO DE CASTILLA Y LEÓN (MECYL);2361;2022-04
2022;Abril;MUSEO DE ARTE CONTEMPORÁNEO DE CASTILLA Y LEÓN (MUSAC);5483;2022-04
2022;Abril;PALACIO DE QUINTANAR;3096;2022-04
2022;Mayo;CENTRO CULTURAL MIGUEL DELIBES (programación propia);4062;2022-05
2022;Mayo;CENTRO DE ACCESO A LOS YACIMIENTOS DE ATAPUERCA;13630;2022-05
2022;Mayo;MUSEO DE ARTE CONTEMPORÁNEO DE CASTILLA Y LEÓN (MUSAC);3820;2022-05
2022;Mayo;MUSEO ETNOGRÁFICO DE CASTILLA Y LEÓN (MECYL);4205;2022-05
2022;Mayo;CENTRO DE ARQUEOLOGIA EXPERIMENTAL;14715;2022-05
2022;Mayo;PALACIO DE QUINTANAR;3411;2022-05
2022;Mayo;MUSEO DE LA EVOLUCIÓN HUMANA (MEH);35269;2022-05
2022;Mayo;MUSEO DE LA SIDERURGIA Y LA MINERÍA DE CASTILLA Y LEÓN (MSM);3275;2022-05
2022;Junio;MUSEO DE LA SIDERURGIA Y LA MINERÍA DE CASTILLA Y LEÓN (MSM);2989;2022-06
2022;Junio;MUSEO DE LA EVOLUCIÓN HUMANA (MEH);24892;2022-06
2022;Junio;CENTRO DE ACCESO A LOS YACIMIENTOS DE ATAPUERCA;8646;2022-06
2022;Junio;MUSEO DE ARTE CONTEMPORÁNEO DE CASTILLA Y LEÓN (MUSAC);3651;2022-06
2022;Junio;MUSEO ETNOGRÁFICO DE CASTILLA Y LEÓN (MECYL);3685;2022-06
2022;Junio;CENTRO CULTURAL MIGUEL DELIBES (programación propia);6751;2022-06
2022;Junio;CENTRO DE ARQUEOLOGIA EXPERIMENTAL;10468;2022-06
2022;Junio;PALACIO DE QUINTANAR;4347;2022-06
2022;Julio;CENTRO DE ACCESO A LOS YACIMIENTOS DE ATAPUERCA;8444;2022-07
2022;Julio;MUSEO DE ARTE CONTEMPORÁNEO DE CASTILLA Y LEÓN (MUSAC);4513;2022-07
2022;Julio;PALACIO DE QUINTANAR;4732;2022-07
2022;Julio;MUSEO DE LA EVOLUCIÓN HUMANA (MEH);32031;2022-07
2022;Julio;CENTRO CULTURAL MIGUEL DELIBES (programación propia);1001;2022-07
2022;Julio;CENTRO DE ARQUEOLOGIA EXPERIMENTAL;9656;2022-07
2022;Julio;MUSEO ETNOGRÁFICO DE CASTILLA Y LEÓN (MECYL);2884;2022-07
2022;Julio;MUSEO DE LA SIDERURGIA Y LA MINERÍA DE CASTILLA Y LEÓN (MSM);4350;2022-07
2022;Agosto;CENTRO DE ARQUEOLOGIA EXPERIMENTAL;18274;2022-08
2022;Agosto;PALACIO DE QUINTANAR;4975;2022-08
2022;Agosto;MUSEO DE LA EVOLUCIÓN HUMANA (MEH);51133;2022-08
2022;Agosto;CENTRO DE ACCESO A LOS YACIMIENTOS DE ATAPUERCA;16099;2022-08
2022;Agosto;MUSEO DE ARTE CONTEMPORÁNEO DE CASTILLA Y LEÓN (MUSAC);3663;2022-08
2022;Agosto;MUSEO ETNOGRÁFICO DE CASTILLA Y LEÓN (MECYL);4245;2022-08
2022;Agosto;CENTRO CULTURAL MIGUEL DELIBES (programación propia);0;2022-08
2022;Agosto;MUSEO DE LA SIDERURGIA Y LA MINERÍA DE CASTILLA Y LEÓN (MSM);8491;2022-08
2022;Septiembre;CENTRO CULTURAL MIGUEL DELIBES (programación propia);1805;2022-09
2022;Septiembre;CENTRO DE ACCESO A LOS YACIMIENTOS DE ATAPUERCA;7349;2022-09
2022;Septiembre;MUSEO DE ARTE CONTEMPORÁNEO DE CASTILLA Y LEÓN (MUSAC);3210;2022-09
2022;Septiembre;PALACIO DE QUINTANAR;2895;2022-09
2022;Septiembre;MUSEO DE LA EVOLUCIÓN HUMANA (MEH);25229;2022-09
2022;Septiembre;CENTRO DE ARQUEOLOGIA EXPERIMENTAL;7554;2022-09
2022;Septiembre;MUSEO ETNOGRÁFICO DE CASTILLA Y LEÓN (MECYL);2493;2022-09
2022;Septiembre;MUSEO DE LA SIDERURGIA Y LA MINERÍA DE CASTILLA Y LEÓN (MSM);3502;2022-09
2022;Octubre;CENTRO CULTURAL MIGUEL DELIBES (programación propia);16631;2022-10
2022;Octubre;MUSEO DE ARTE CONTEMPORÁNEO DE CASTILLA Y LEÓN (MUSAC);4931;2022-10
2022;Octubre;MUSEO ETNOGRÁFICO DE CASTILLA Y LEÓN (MECYL);6053;2022-10
2022;Octubre;PALACIO DE QUINTANAR;2015;2022-10
2022;Octubre;CENTRO DE ARQUEOLOGIA EXPERIMENTAL;12171;2022-10
2022;Octubre;MUSEO DE LA SIDERURGIA Y LA MINERÍA DE CASTILLA Y LEÓN (MSM);3045;2022-10
2022;Octubre;MUSEO DE LA EVOLUCIÓN HUMANA (MEH);32524;2022-10
2022;Octubre;CENTRO DE ACCESO A LOS YACIMIENTOS DE ATAPUERCA;11912;2022-10
2022;Noviembre;CENTRO CULTURAL MIGUEL DELIBES (programación propia);8002;2022-11
2022;Noviembre;MUSEO DE LA EVOLUCIÓN HUMANA (MEH);22056;2022-11
2022;Noviembre;MUSEO ETNOGRÁFICO DE CASTILLA Y LEÓN (MECYL);7844;2022-11
2022;Noviembre;MUSEO DE LA SIDERURGIA Y LA MINERÍA DE CASTILLA Y LEÓN (MSM);1954;2022-11
2022;Noviembre;CENTRO DE ARQUEOLOGIA EXPERIMENTAL;7884;2022-11
2022;Noviembre;MUSEO DE ARTE CONTEMPORÁNEO DE CASTILLA Y LEÓN (MUSAC);3823;2022-11
2022;Noviembre;CENTRO DE ACCESO A LOS YACIMIENTOS DE ATAPUERCA;8645;2022-11
2022;Noviembre;PALACIO DE QUINTANAR;1713;2022-11
2022;Diciembre;CENTRO CULTURAL MIGUEL DELIBES (programación propia);6136;2022-12
2022;Diciembre;MUSEO DE LA EVOLUCIÓN HUMANA (MEH);26711;2022-12
2022;Diciembre;CENTRO DE ACCESO A LOS YACIMIENTOS DE ATAPUERCA;6495;2022-12
2022;Diciembre;MUSEO DE LA SIDERURGIA Y LA MINERÍA DE CASTILLA Y LEÓN (MSM);3477;2022-12
2022;Diciembre;PALACIO DE QUINTANAR;2917;2022-12
2022;Diciembre;CENTRO DE ARQUEOLOGIA EXPERIMENTAL;7876;2022-12
2022;Diciembre;MUSEO DE ARTE CONTEMPORÁNEO DE CASTILLA Y LEÓN (MUSAC);5416;2022-12
2022;Diciembre;MUSEO ETNOGRÁFICO DE CASTILLA Y LEÓN (MECYL);10174;2022-12
2023;Enero;MUSEO DE LA EVOLUCIÓN HUMANA (MEH);14304;2023-01
2023;Enero;CENTRO DE ACCESO A LOS YACIMIENTOS DE ATAPUERCA;457;2023-01
2023;Enero;CENTRO DE ARQUEOLOGIA EXPERIMENTAL;692;2023-01
2023;Enero;MUSEO ETNOGRÁFICO DE CASTILLA Y LEÓN (MECYL);5442;2023-01
2023;Enero;PALACIO DE QUINTANAR;1175;2023-01
2023;Enero;CENTRO CULTURAL MIGUEL DELIBES (programación propia);6447;2023-01
2023;Enero;MUSEO DE ARTE CONTEMPORÁNEO DE CASTILLA Y LEÓN (MUSAC);3303;2023-01
2023;Enero;MUSEO DE LA SIDERURGIA Y LA MINERÍA DE CASTILLA Y LEÓN (MSM);1528;2023-01
2023;Febrero;CENTRO CULTURAL MIGUEL DELIBES (programación propia);11560;2023-02
2023;Febrero;CENTRO DE ACCESO A LOS YACIMIENTOS DE ATAPUERCA;3621;2023-02
2023;Febrero;CENTRO DE ARQUEOLOGIA EXPERIMENTAL;5508;2023-02
2023;Febrero;MUSEO DE ARTE CONTEMPORÁNEO DE CASTILLA Y LEÓN (MUSAC);3352;2023-02
2023;Febrero;MUSEO DE LA EVOLUCIÓN HUMANA (MEH);19480;2023-02
2023;Febrero;MUSEO DE LA SIDERURGIA Y LA MINERÍA DE CASTILLA Y LEÓN (MSM);2055;2023-02
2023;Febrero;PALACIO DE QUINTANAR;1587;2023-02
2023;Febrero;MUSEO ETNOGRÁFICO DE CASTILLA Y LEÓN (MECYL);2594;2023-02
2023;Marzo;MUSEO DE ARTE CONTEMPORÁNEO DE CASTILLA Y LEÓN (MUSAC);5848;2023-03
2023;Marzo;MUSEO ETNOGRÁFICO DE CASTILLA Y LEÓN (MECYL);5272;2023-03
2023;Marzo;CENTRO CULTURAL MIGUEL DELIBES (programación propia);11193;2023-03
2023;Marzo;MUSEO DE LA EVOLUCIÓN HUMANA (MEH);29270;2023-03
2023;Marzo;CENTRO DE ACCESO A LOS YACIMIENTOS DE ATAPUERCA;7385;2023-03
2023;Marzo;CENTRO DE ARQUEOLOGIA EXPERIMENTAL;10633;2023-03
2023;Marzo;MUSEO DE LA SIDERURGIA Y LA MINERÍA DE CASTILLA Y LEÓN (MSM);2590;2023-03
2023;Marzo;PALACIO DE QUINTANAR;1507;2023-03
2023;Abril;CENTRO CULTURAL MIGUEL DELIBES (programación propia);8755;2023-04
2023;Abril;CENTRO DE ARQUEOLOGIA EXPERIMENTAL;18604;2023-04
2023;Abril;PALACIO DE QUINTANAR;1633;2023-04
2023;Abril;MUSEO DE LA EVOLUCIÓN HUMANA (MEH);49008;2023-04
2023;Abril;MUSEO ETNOGRÁFICO DE CASTILLA Y LEÓN (MECYL);2673;2023-04
2023;Abril;MUSEO DE LA SIDERURGIA Y LA MINERÍA DE CASTILLA Y LEÓN (MSM);3434;2023-04
2023;Abril;CENTRO DE ACCESO A LOS YACIMIENTOS DE ATAPUERCA;18135;2023-04
2023;Abril;MUSEO DE ARTE CONTEMPORÁNEO DE CASTILLA Y LEÓN (MUSAC);7055;2023-04
2023;Mayo;CENTRO CULTURAL MIGUEL DELIBES (programación propia);8519;2023-05
2023;Mayo;CENTRO DE ARQUEOLOGIA EXPERIMENTAL;13550;2023-05
2023;Mayo;MUSEO DE ARTE CONTEMPORÁNEO DE CASTILLA Y LEÓN (MUSAC);5608;2023-05
2023;Mayo;MUSEO ETNOGRÁFICO DE CASTILLA Y LEÓN (MECYL);3129;2023-05
2023;Mayo;PALACIO DE QUINTANAR;1515;2023-05
2023;Mayo;CENTRO DE ACCESO A LOS YACIMIENTOS DE ATAPUERCA;12510;2023-05
2023;Mayo;MUSEO DE LA SIDERURGIA Y LA MINERÍA DE CASTILLA Y LEÓN (MSM);4740;2023-05
2023;Mayo;MUSEO DE LA EVOLUCIÓN HUMANA (MEH);37266;2023-05
2023;Junio;CENTRO CULTURAL MIGUEL DELIBES (programación propia);9527;2023-06
2023;Junio;MUSEO DE LA EVOLUCIÓN HUMANA (MEH);24891;2023-06
2023;Junio;CENTRO DE ACCESO A LOS YACIMIENTOS DE ATAPUERCA;9496;2023-06
2023;Junio;MUSEO DE ARTE CONTEMPORÁNEO DE CASTILLA Y LEÓN (MUSAC);2650;2023-06
2023;Junio;MUSEO ETNOGRÁFICO DE CASTILLA Y LEÓN (MECYL);4070;2023-06
2023;Junio;MUSEO DE LA SIDERURGIA Y LA MINERÍA DE CASTILLA Y LEÓN (MSM);4094;2023-06
2023;Junio;CENTRO DE ARQUEOLOGIA EXPERIMENTAL;10128;2023-06
2023;Junio;PALACIO DE QUINTANAR;1274;2023-06
2023;Julio;CENTRO DE ACCESO A LOS YACIMIENTOS DE ATAPUERCA;9081;2023-07
2023;Julio;MUSEO DE LA SIDERURGIA Y LA MINERÍA DE CASTILLA Y LEÓN (MSM);4723;2023-07
2023;Julio;CENTRO CULTURAL MIGUEL DELIBES (programación propia);3157;2023-07
2023;Julio;MUSEO DE LA EVOLUCIÓN HUMANA (MEH);33354;2023-07
2023;Julio;PALACIO DE QUINTANAR;1759;2023-07
2023;Julio;CENTRO DE ARQUEOLOGIA EXPERIMENTAL;9117;2023-07
2023;Julio;MUSEO DE ARTE CONTEMPORÁNEO DE CASTILLA Y LEÓN (MUSAC);3288;2023-07
2023;Julio;MUSEO ETNOGRÁFICO DE CASTILLA Y LEÓN (MECYL);3495;2023-07
2023;Agosto;MUSEO DE LA SIDERURGIA Y LA MINERÍA DE CASTILLA Y LEÓN (MSM);7981;2023-08
2023;Agosto;CENTRO DE ACCESO A LOS YACIMIENTOS DE ATAPUERCA;16542;2023-08
2023;Agosto;CENTRO DE ARQUEOLOGIA EXPERIMENTAL;17591;2023-08
2023;Agosto;PALACIO DE QUINTANAR;1915;2023-08
2023;Agosto;CENTRO CULTURAL MIGUEL DELIBES (programación propia);0;2023-08
2023;Agosto;MUSEO DE LA EVOLUCIÓN HUMANA (MEH);52473;2023-08
2023;Agosto;MUSEO DE ARTE CONTEMPORÁNEO DE CASTILLA Y LEÓN (MUSAC);3376;2023-08
2023;Agosto;MUSEO ETNOGRÁFICO DE CASTILLA Y LEÓN (MECYL);3536;2023-08
2023;Septiembre;CENTRO CULTURAL MIGUEL DELIBES (programación propia);1249;2023-09
2023;Septiembre;MUSEO DE LA SIDERURGIA Y LA MINERÍA DE CASTILLA Y LEÓN (MSM);4300;2023-09
2023;Septiembre;PALACIO DE QUINTANAR;1843;2023-09
2023;Septiembre;MUSEO DE LA EVOLUCIÓN HUMANA (MEH);29492;2023-09
2023;Septiembre;CENTRO DE ARQUEOLOGIA EXPERIMENTAL;6559;2023-09
2023;Septiembre;MUSEO ETNOGRÁFICO DE CASTILLA Y LEÓN (MECYL);2280;2023-09
2023;Septiembre;CENTRO DE ACCESO A LOS YACIMIENTOS DE ATAPUERCA;7701;2023-09
2023;Septiembre;MUSEO DE ARTE CONTEMPORÁNEO DE CASTILLA Y LEÓN (MUSAC);3407;2023-09
2023;Octubre;CENTRO CULTURAL MIGUEL DELIBES (programación propia);9046;2023-10
2023;Octubre;CENTRO DE ACCESO A LOS YACIMIENTOS DE ATAPUERCA;13650;2023-10
2023;Octubre;PALACIO DE QUINTANAR;1226;2023-10
2023;Octubre;MUSEO DE LA EVOLUCIÓN HUMANA (MEH);46933;2023-10
2023;Octubre;MUSEO DE ARTE CONTEMPORÁNEO DE CASTILLA Y LEÓN (MUSAC);6718;2023-10
2023;Octubre;CENTRO DE ARQUEOLOGIA EXPERIMENTAL;11922;2023-10
2023;Octubre;MUSEO ETNOGRÁFICO DE CASTILLA Y LEÓN (MECYL);2589;2023-10
2023;Octubre;MUSEO DE LA SIDERURGIA Y LA MINERÍA DE CASTILLA Y LEÓN (MSM);3860;2023-10
2023;Noviembre;MUSEO ETNOGRÁFICO DE CASTILLA Y LEÓN (MECYL);3509;2023-11
2023;Noviembre;MUSEO DE LA EVOLUCIÓN HUMANA (MEH);34846;2023-11
2023;Noviembre;CENTRO DE ACCESO A LOS YACIMIENTOS DE ATAPUERCA;7200;2023-11
2023;Noviembre;CENTRO CULTURAL MIGUEL DELIBES (programación propia);11807;2023-11
2023;Noviembre;CENTRO DE ARQUEOLOGIA EXPERIMENTAL;8137;2023-11
2023;Noviembre;MUSEO DE ARTE CONTEMPORÁNEO DE CASTILLA Y LEÓN (MUSAC);5598;2023-11
2023;Noviembre;MUSEO DE LA SIDERURGIA Y LA MINERÍA DE CASTILLA Y LEÓN (MSM);1923;2023-11
2023;Noviembre;PALACIO DE QUINTANAR;1694;2023-11
2023;Diciembre;CENTRO DE ARQUEOLOGIA EXPERIMENTAL;7315;2023-12
2023;Diciembre;MUSEO DE LA SIDERURGIA Y LA MINERÍA DE CASTILLA Y LEÓN (MSM);3946;2023-12
2023;Diciembre;CENTRO CULTURAL MIGUEL DELIBES (programación propia);9165;2023-12
2023;Diciembre;MUSEO DE LA EVOLUCIÓN HUMANA (MEH);39065;2023-12
2023;Diciembre;CENTRO DE ACCESO A LOS YACIMIENTOS DE ATAPUERCA;6281;2023-12
2023;Diciembre;MUSEO DE ARTE CONTEMPORÁNEO DE CASTILLA Y LEÓN (MUSAC);6875;2023-12
2023;Diciembre;MUSEO ETNOGRÁFICO DE CASTILLA Y LEÓN (MECYL);18358;2023-12
2023;Diciembre;PALACIO DE QUINTANAR;3061;2023-12
2024;Enero;MUSEO DE LA EVOLUCIÓN HUMANA (MEH);20627;2024-01
2024;Enero;MUSEO DE ARTE CONTEMPORÁNEO DE CASTILLA Y LEÓN (MUSAC);4228;2024-01
2024;Enero;MUSEO ETNOGRÁFICO DE CASTILLA Y LEÓN (MECYL);4730;2024-01
2024;Enero;MUSEO DE LA SIDERURGIA Y LA MINERÍA DE CASTILLA Y LEÓN (MSM);2372;2024-01
2024;Enero;CENTRO DE ARQUEOLOGIA EXPERIMENTAL;711;2024-01
2024;Enero;PALACIO DE QUINTANAR;1504;2024-01
2024;Enero;CENTRO CULTURAL MIGUEL DELIBES (programación propia);7789;2024-01
2024;Enero;CENTRO DE ACCESO A LOS YACIMIENTOS DE ATAPUERCA;401;2024-01
2024;Febrero;CENTRO CULTURAL MIGUEL DELIBES (programación propia);11057;2024-02
2024;Febrero;MUSEO DE LA EVOLUCIÓN HUMANA (MEH);24619;2024-02
2024;Febrero;CENTRO DE ACCESO A LOS YACIMIENTOS DE ATAPUERCA;3731;2024-02
2024;Febrero;CENTRO DE ARQUEOLOGIA EXPERIMENTAL;6115;2024-02
2024;Febrero;MUSEO DE ARTE CONTEMPORÁNEO DE CASTILLA Y LEÓN (MUSAC);5654;2024-02
2024;Febrero;MUSEO ETNOGRÁFICO DE CASTILLA Y LEÓN (MECYL);3150;2024-02
2024;Febrero;MUSEO DE LA SIDERURGIA Y LA MINERÍA DE CASTILLA Y LEÓN (MSM);2193;2024-02
2024;Febrero;PALACIO DE QUINTANAR;1621;2024-02
2024;Marzo;CENTRO CULTURAL MIGUEL DELIBES (programación propia);9158;2024-03
2024;Marzo;MUSEO DE LA EVOLUCIÓN HUMANA (MEH);48743;2024-03
2024;Marzo;MUSEO DE ARTE CONTEMPORÁNEO DE CASTILLA Y LEÓN (MUSAC);7857;2024-03
2024;Marzo;MUSEO DE LA SIDERURGIA Y LA MINERÍA DE CASTILLA Y LEÓN (MSM);3176;2024-03
2024;Marzo;PALACIO DE QUINTANAR;1692;2024-03
2024;Marzo;CENTRO DE ACCESO A LOS YACIMIENTOS DE ATAPUERCA;13826;2024-03
2024;Marzo;CENTRO DE ARQUEOLOGIA EXPERIMENTAL;13875;2024-03
2024;Marzo;MUSEO ETNOGRÁFICO DE CASTILLA Y LEÓN (MECYL);3305;2024-03
2024;Abril;CENTRO CULTURAL MIGUEL DELIBES (programación propia);13718;2024-04
2024;Abril;PALACIO DE QUINTANAR;1814;2024-04
2024;Abril;MUSEO DE LA EVOLUCIÓN HUMANA (MEH);43639;2024-04
2024;Abril;CENTRO DE ACCESO A LOS YACIMIENTOS DE ATAPUERCA;13889;2024-04
2024;Abril;MUSEO DE LA SIDERURGIA Y LA MINERÍA DE CASTILLA Y LEÓN (MSM);3116;2024-04
2024;Abril;CENTRO DE ARQUEOLOGIA EXPERIMENTAL;13392;2024-04
2024;Abril;MUSEO DE ARTE CONTEMPORÁNEO DE CASTILLA Y LEÓN (MUSAC);9268;2024-04
2024;Abril;MUSEO ETNOGRÁFICO DE CASTILLA Y LEÓN (MECYL);2631;2024-04
2024;Mayo;CENTRO DE ARQUEOLOGIA EXPERIMENTAL;14626;2024-05
2024;Mayo;MUSEO DE ARTE CONTEMPORÁNEO DE CASTILLA Y LEÓN (MUSAC);5868;2024-05
2024;Mayo;MUSEO DE LA SIDERURGIA Y LA MINERÍA DE CASTILLA Y LEÓN (MSM);3410;2024-05
2024;Mayo;PALACIO DE QUINTANAR;2736;2024-05
2024;Mayo;CENTRO CULTURAL MIGUEL DELIBES (programación propia);6072;2024-05
2024;Mayo;MUSEO DE LA EVOLUCIÓN HUMANA (MEH);51181;2024-05
2024;Mayo;CENTRO DE ACCESO A LOS YACIMIENTOS DE ATAPUERCA;14467;2024-05
2024;Mayo;MUSEO ETNOGRÁFICO DE CASTILLA Y LEÓN (MECYL);4294;2024-05
2024;Junio;CENTRO CULTURAL MIGUEL DELIBES (programación propia);7731;2024-06
2024;Junio;MUSEO DE LA SIDERURGIA Y LA MINERÍA DE CASTILLA Y LEÓN (MSM);3637;2024-06
2024;Junio;PALACIO DE QUINTANAR;2374;2024-06
2024;Junio;CENTRO DE ACCESO A LOS YACIMIENTOS DE ATAPUERCA;9451;2024-06
2024;Junio;MUSEO DE ARTE CONTEMPORÁNEO DE CASTILLA Y LEÓN (MUSAC);7123;2024-06
2024;Junio;MUSEO ETNOGRÁFICO DE CASTILLA Y LEÓN (MECYL);4569;2024-06
2024;Junio;MUSEO DE LA EVOLUCIÓN HUMANA (MEH);25020;2024-06
2024;Junio;CENTRO DE ARQUEOLOGIA EXPERIMENTAL;9782;2024-06
2024;Julio;MUSEO DE LA EVOLUCIÓN HUMANA (MEH);23155;2024-07
2024;Julio;CENTRO DE ACCESO A LOS YACIMIENTOS DE ATAPUERCA;7821;2024-07
2024;Julio;CENTRO DE ARQUEOLOGIA EXPERIMENTAL;7620;2024-07
2024;Julio;MUSEO DE ARTE CONTEMPORÁNEO DE CASTILLA Y LEÓN (MUSAC);3781;2024-07
2024;Julio;PALACIO DE QUINTANAR;6417;2024-07
2024;Julio;CENTRO CULTURAL MIGUEL DELIBES (programación propia);692;2024-07
2024;Julio;MUSEO ETNOGRÁFICO DE CASTILLA Y LEÓN (MECYL);2514;2024-07
2024;Julio;MUSEO DE LA SIDERURGIA Y LA MINERÍA DE CASTILLA Y LEÓN (MSM);5260;2024-07
2024;Agosto;CENTRO CULTURAL MIGUEL DELIBES (programación propia);900;2024-08
2024;Agosto;CENTRO DE ACCESO A LOS YACIMIENTOS DE ATAPUERCA;12958;2024-08
2024;Agosto;CENTRO DE ARQUEOLOGIA EXPERIMENTAL;12742;2024-08
2024;Agosto;MUSEO DE LA EVOLUCIÓN HUMANA (MEH);38570;2024-08
2024;Agosto;MUSEO DE ARTE CONTEMPORÁNEO DE CASTILLA Y LEÓN (MUSAC);4799;2024-08
2024;Agosto;MUSEO ETNOGRÁFICO DE CASTILLA Y LEÓN (MECYL);3416;2024-08
2024;Agosto;MUSEO DE LA SIDERURGIA Y LA MINERÍA DE CASTILLA Y LEÓN (MSM);11539;2024-08
2024;Agosto;PALACIO DE QUINTANAR;6904;2024-08
2024;Septiembre;CENTRO DE ARQUEOLOGIA EXPERIMENTAL;7008;2024-09
2024;Septiembre;MUSEO ETNOGRÁFICO DE CASTILLA Y LEÓN (MECYL);2304;2024-09
2024;Septiembre;CENTRO DE ACCESO A LOS YACIMIENTOS DE ATAPUERCA;6561;2024-09
2024;Septiembre;MUSEO DE ARTE CONTEMPORÁNEO DE CASTILLA Y LEÓN (MUSAC);3796;2024-09
2024;Septiembre;MUSEO DE LA SIDERURGIA Y LA MINERÍA DE CASTILLA Y LEÓN (MSM);4561;2024-09
2024;Septiembre;PALACIO DE QUINTANAR;2929;2024-09
2024;Septiembre;CENTRO CULTURAL MIGUEL DELIBES (programación propia);5739;2024-09
2024;Septiembre;MUSEO DE LA EVOLUCIÓN HUMANA (MEH);18769;2024-09
